i,x in bisection,x in regula falsi
1,2.8,4.5366949903637295
2,2.2,1.860571973955578
3,2.5,2.8451818758151077
4,2.65,2.555848958936929
5,2.575,2.632556584478517
6,2.6125,2.6233332805806144
7,2.6312499999999996,2.6231441302256915
8,2.6218749999999997,_
9,2.6265624999999995,_
10,2.62421875,_
11,2.623046875,_
12,2.6236328125,_
13,2.62333984375,_
14,2.623193359375,_
15,2.6231201171875,_
16,2.62315673828125,_
17,2.623138427734375,_
